{
  "project_info": {
    "project_number": "773332445271",
    "firebase_url": "https://ftsf-6a321-default-rtdb.firebaseio.com",
    "project_id": "ftsf-6a321",
    "storage_bucket": "ftsf-6a321.firebasestorage.app"
  },
  "client": [
    {
      "client_info": {
        "mobilesdk_app_id": "1:773332445271:android:9da3b0ff9eefd48145db12",
        "android_client_info": {
          "package_name": "com.example.milestone1"
        }
      },
      "oauth_client": [],
      "api_key": [
        {
          "current_key": "AIzaSyBU639lJecHuOPiWyXtVsshlJ5iOr5sJ9U"
        }
      ],
      "services": {
        "appinvite_service": {
          "other_platform_oauth_client": []
        }
      }
    }
  ],
  "configuration_version": "1"
}